place_id,이름,주소,위도,경도,상태,매칭이유
1103818231,GS25 보라매로점,서울 영등포구 신풍로 113,37.5001114762464,126.918711066425,정상,"이름, 주소"
1232445466,GS25 도신초교점,서울 영등포구 대림로34길 25-2,37.4997374580061,126.900879568608,정상,"이름, 주소, 좌표"
20038206,GS25 영등포대길점,서울 영등포구 대방천로 233,37.4986613880854,126.916885143183,정상,"이름, 주소, 좌표"
27499850,GS25 대림춘혜점,서울 영등포구 대림로39길 3,37.50023080989211,126.89724872992022,정상,"이름, 주소, 좌표"
218717573,CU 신길센트럴점,서울 영등포구 신길로29길 17,37.50354646768002,126.90698392128866,정상,"이름, 주소"
1332429627,GS25 대림유진점,서울 영등포구 가마산로45길 6,37.5027492592112,126.899504891267,정상,주소
506767877,CU 영등포대림점,서울 영등포구 도신로4길 25,37.5014023553047,126.89648941021,정상,"이름, 주소, 좌표"
1123163642,GS25 신길호수점,서울 영등포구 도림로 271,37.502021552236,126.904210519891,정상,"주소, 좌표"
390832792,CU 대림사랑점,서울 영등포구 가마산로41길 7,37.5017426539961,126.898239607725,정상,"이름, 주소, 좌표"
12297334,GS25 대림한신점,서울 영등포구 디지털로 413,37.4934511503417,126.9041717114,정상,"이름, 주소"
16414141,CU 대림우성점,서울 영등포구 도림로 188-1,37.4959145431774,126.902024502254,정상,"이름, 주소, 좌표"
1807474033,CU 영등포대성점,서울 영등포구 도림로69길 26-1,37.5012097442136,126.903103261214,정상,"주소, 좌표"
27603064,GS25 영등포우성점,서울 영등포구 대방천로 181-1,37.4992482829615,126.911162216895,정상,"이름, 주소"
895576835,GS25 대림파밀리에점,서울 영등포구 도림로54길 16,37.4951551307046,126.903282969198,정상,"이름, 주소"
762145723,세븐일레븐 대림이가채점,서울 영등포구 디지털로70길 16,37.4930890069001,126.906497081617,정상,"이름, 주소, 좌표"
27386808,CU 대림디지털점,서울 영등포구 디지털로 404,37.4925785682939,126.903670758178,정상,"주소, 좌표"
16931278,CU 대림중앙점,서울 영등포구 대림로 209,37.4992842484815,126.897704642697,정상,"이름, 주소, 좌표"
16680501,GS25 S신풍역점,서울 영등포구 신풍로 지하 27,37.50009059192142,126.9097996187444,정상,"이름, 주소, 좌표"
471863876,이마트24 self대림성모병원점,서울 영등포구 시흥대로 657,37.490682264552454,126.90744765471388,정상,주소
1672052832,GS25 대림전국점,서울 영등포구 대림로 192,37.4980184636184,126.898900563727,정상,"이름, 주소, 좌표"
353399983,세븐일레븐 대림중앙점,서울 영등포구 대림로44길 5,37.5025455198591,126.897279485951,정상,"이름, 주소, 좌표"
2027587213,인앤아웃편의점,서울 영등포구 도림로 249-2,37.5003501964022,126.905340163385,정상,"주소, 좌표"
17050864,CU 신풍역점,서울 영등포구 신풍로 33,37.5003753785381,126.909889748293,정상,"이름, 주소, 좌표"
1468219053,GS25 신길중학교점,서울 영등포구 여의대방로35길 39,37.5011337081227,126.916828118992,정상,"이름, 주소, 좌표"
1580115393,GS25 대림승리점,서울 영등포구 도림로47길 13,37.4963199846523,126.899861805974,정상,"이름, 주소, 좌표"
27329533,GS25 신대림초교점,서울 영등포구 대림로8길 17,37.4911385391555,126.905631087632,정상,"이름, 주소"
1666999819,CU 신길한아름점,서울 영등포구 신풍로16길 20,37.499448045598946,126.9132360279891,정상,"이름, 주소"
603861448,CU 보라매뷰점,서울 영등포구 신풍로23길 16,37.50139812709324,126.91873228991493,정상,"주소, 좌표"
1886047153,GS25 신풍스타점,서울 영등포구 신풍로 28,37.4998138329641,126.909603176267,정상,"주소, 좌표"
16094492,CU 대림지성점,서울 영등포구 디지털로 431,37.49452613538599,126.90539387786345,정상,"이름, 주소, 좌표"
1311115426,GS25 영등포평화점,서울 영등포구 여의대방로9길 6-2,37.497133818280375,126.91510574324268,정상,주소
16825626,CU 대림하나점,서울 영등포구 대림로27가길 19,37.4966933801137,126.898196702243,정상,"이름, 주소, 좌표"
933479185,CU 보라매파크점,서울 영등포구 여의대방로 89,37.4972556601881,126.916660530266,정상,"이름, 주소"
1638960787,CU 신길다온점,서울 영등포구 도림로 289,37.503561427083,126.903174864731,정상,"이름, 주소, 좌표"
2017840950,CU 보라매SK뷰점,서울 영등포구 여의대방로35가길 19,37.50385406043085,126.91843105607872,정상,"이름, 주소"
913491698,GS25 신길파크자이점,서울 영등포구 신길로28길 25,37.5028633844885,126.9127288080696,정상,주소
336060,GS25 신길클래시안점,서울 영등포구 신길로28길 9,37.50483064489406,126.91080613326183,정상,주소
121727465,세븐일레븐 신길미소점,서울 영등포구 대방천로 222,37.4983035529528,126.915424455341,정상,"이름, 주소, 좌표"
598735384,CU 신길썬프라자점,서울 영등포구 신길로 42,37.4965757361298,126.908587058034,정상,"이름, 주소"
1750908325,이마트24 대림타운점,서울 영등포구 디지털로38길 15,37.4879484179988,126.900560455918,정상,"이름, 주소"
127512668,CU 대림신대박점,서울 영등포구 대림로 133,37.493099948887625,126.90112354557085,정상,"이름, 주소, 좌표"
1168463931,이마트24 대림중앙타워점,서울 영등포구 디지털로 363,37.4900367689558,126.900341715206,정상,"이름, 주소"
36593410,CU 도림본점,서울 영등포구 도신로25길 4,37.5077436516782,126.902882186005,정상,"이름, 주소, 좌표"
27498468,GS25 강남성심병원점,서울 영등포구 신길로 1,37.4932638137523,126.908817253509,정상,주소
22017377,GS25 대림으뜸점,서울 영등포구 도림로41길 6,37.49448151222717,126.89831617831047,정상,"이름, 주소, 좌표"
1081852859,세븐일레븐 대림88타워점,서울 영등포구 도림로 144,37.493434411223745,126.89816380954089,정상,주소
1354275139,GS25 도림행복점,서울 영등포구 도신로29길 8-1,37.50929523229284,126.90516260652218,정상,"이름, 주소, 좌표"
17892135,CU 대림점,서울 영등포구 디지털로 368,37.489995725172186,126.9008200748381,정상,"이름, 주소, 좌표"
1133907787,CU 영등포대림본점,서울 영등포구 도림천로21길 25,37.4878437742018,126.902571001449,정상,주소
1287114561,세븐일레븐 신길점,서울 영등포구 도림로 322,37.5063426910056,126.901914741222,정상,"이름, 주소, 좌표"
1264508126,이마트24 대림차이나점,서울 영등포구 디지털로37길 17,37.4902151335353,126.898187402875,정상,"이름, 주소, 좌표"
402286656,이마트24 대림제일점,서울 영등포구 도림로39길 7-2,37.4939468533588,126.896859296218,정상,"이름, 주소, 좌표"
1339020240,CU 강남성심병원점,서울 영등포구 시흥대로 671,37.491630672088,126.908149823212,정상,"이름, 주소, 좌표"
12297272,GS25 영등포도림점,서울 영등포구 도신로15길 40,37.5086121844336,126.89647493137802,정상,주소
25757449,GS25 도림로점,서울 영등포구 도림로 133,37.493062922375714,126.89680962614155,정상,"이름, 주소, 좌표"
1231299137,365편의점복권 대림대박점,서울 영등포구 시흥대로 635,37.4889079249013,126.905982158177,정상,주소
19038122,GS25 대림본점,서울 영등포구 디지털로54가길 2,37.4888190187623,126.90300167264,정상,"이름, 주소, 좌표"
1120211115,CU 영등포자이르네점,서울 영등포구 시흥대로 621-1,37.4879810647953,126.905200865279,정상,"이름, 주소, 좌표"
589964730,CU 명지성모병원점,서울 영등포구 대림로23길 13,37.4933712557472,126.899114894555,정상,"이름, 주소"
16084951,GS25 S대림역점,서울 영등포구 도림로 지하 137,37.4928502721808,126.896795218458,정상,"이름, 주소, 좌표"
1814171036,CU 대림차이나타운점,서울 영등포구 도림천로11길 25,37.49199618832123,126.8979135993751,정상,주소
20689398,인스토어 도림점,서울 영등포구 도신로 98,37.507188808957785,126.9030966645983,폐업,없음
586567369,GS25 도림제일점,서울 영등포구 도신로 69,37.5063429545705,126.900079141756,정상,"이름, 주소, 좌표"
898723393,GS25 신길보라매점,서울 영등포구 신길로8길 11,37.4958044586485,126.909738054866,정상,"이름, 주소, 좌표"
786381171,GS25 신길센트럴점,서울 영등포구 도림로 308,37.5051333439936,126.902764553331,정상,"이름, 주소, 좌표"
1983783684,GS25 영등포청하점,서울 영등포구 도신로15다길 20,37.5079632281917,126.898280928901,정상,"이름, 주소, 좌표"
16652544,GS25 대림도신로점,서울 영등포구 도신로 36,37.5045455324041,126.897027933673,정상,"이름, 주소"
321718580,세븐일레븐 도림에코빌점,서울 영등포구 도림로113길 5,37.5085289909506,126.899252842199,정상,"이름, 주소"
1650171693,GS25 도림웰리스점,서울 영등포구 도림로 386,37.5112611927151,126.898616904284,정상,"이름, 주소, 좌표"
1168902202,CU 도림이슬점,서울 영등포구 도림로112길 34,37.50941660307884,126.90372151074465,정상,"이름, 주소, 좌표"
564348617,이마트24 대림점,서울 영등포구 디지털로 343,37.4887579267266,126.898913045432,정상,"이름, 주소, 좌표"
27551571,GS25 영등포프레비뉴점,서울 영등포구 가마산로 442,37.50519639697399,126.90608388077808,정상,주소
917786860,세븐일레븐 영등포아트자이점,서울 영등포구 도영로 66,37.5089348053923,126.900745257112,정상,"이름, 주소"
831982566,CU 영등포아델포레점,서울 영등포구 신길로 29,37.49537071352391,126.9081011407931,정상,주소
612922993,CU 영등포금화점,서울 영등포구 대림로 154,37.4948076076989,126.900350076806,정상,"이름, 주소, 좌표"
19205536,CU 도림소나무점,서울 영등포구 도영로 80,37.51173770360882,126.90059563721614,정상,"이름, 주소"
7949340,세븐일레븐 신길2호점,서울 영등포구 가마산로61길 19,37.5067609735809,126.90437637611,정상,"주소, 좌표"
16330713,CU 신길도림점,서울 영등포구 도신로 120,37.5082106434478,126.905437685424,정상,"이름, 주소, 좌표"
319281457,세븐일레븐 신길행촌주유소점,서울 영등포구 도신로 130,37.50862034190123,126.90624359003905,정상,"이름, 주소, 좌표"
12315354,GS25 대림소망점,서울 영등포구 가마산로 329,37.499146612086484,126.89589089434038,정상,"이름, 주소"
12297274,GS25 당산스타점,서울 영등포구 영신로 219,37.5272881344462,126.902788975204,정상,주소
1917565828,CU 영등포도림점,서울 영등포구 도영로7길 5,37.5089126066088,126.895890904915,정상,"이름, 주소"
1695813260,이마트24 영등포구청점,서울 영등포구 당산로31길 13,37.5265860758926,126.895205671303,정상,"이름, 주소, 좌표"
10562325,세븐일레븐 양평이엔씨타워점,서울 영등포구 선유로 146,37.5266229618695,126.892142066119,정상,주소
1136373372,GS25 양평현대점,서울 영등포구 선유로 201,37.53135741551327,126.89379044164554,정상,"이름, 주소, 좌표"
1842247050,GS25 신도림타운점,서울 영등포구 도영로 2-11,37.506301999671,126.894428766322,정상,"이름, 주소"
12297242,GS25 당산역점,서울 영등포구 양평로 64,37.5350272641157,126.900068037326,정상,"이름, 주소"
1112088915,세븐일레븐 당산포스빌점,서울 영등포구 양평로 67,37.5349365222068,126.89931236777,정상,"이름, 주소, 좌표"
610744417,CU 영등포으뜸점,서울 영등포구 당산로32길 10,37.5262604308972,126.897853350197,정상,"이름, 주소"
19204159,CU 당산그린점,서울 영등포구 선유동1로 50,37.526410769899954,126.89362549841414,정상,"이름, 주소"
1456918857,이마트24 영등포선유로,서울 영등포구 선유로 250,37.53476432869468,126.89710293504507,정상,주소
12297243,GS25 영등포병원점,서울 영등포구 당산로33길 9,37.5272388049173,126.895661806155,정상,"이름, 주소"
20038205,GS25 영등포당산점,서울 영등포구 선유동2로 40,37.5323755153505,126.896804137321,정상,"이름, 주소, 좌표"
1217318960,CU 양평플라워점,서울 영등포구 선유로40길 7,37.53060347684641,126.89401212544558,정상,"이름, 주소"
19429672,세븐일레븐 당산역본점,서울 영등포구 당산로 237,37.5348272809643,126.902267787522,정상,"이름, 주소"
16560266,이레편의점,서울 영등포구 선유동2로 57,37.533817209572,126.89691076585,정상,"주소, 좌표"
1562473861,CU 대림신동아점,서울 영등포구 대림로31길 40,37.49578023545243,126.89462903568293,정상,"이름, 주소"
1722386298,GS25 양평성원점,서울 영등포구 양평로17길 36,37.5337498671185,126.894118550644,정상,"이름, 주소"
27500300,GS25 당산금호점,서울 영등포구 국회대로37길 15,37.5283526568155,126.900076942237,정상,"이름, 주소"
1920969017,GS25 S9당산역점,서울 영등포구 당산로 229,37.534956505945196,126.90273037107093,정상,"이름, 주소"
1058462309,CU 당산센트럴아이파크점,서울 영등포구 영신로 247,37.5295773089347,126.902461309231,정상,주소
19205857,CU 양평SK엔카점,서울 영등포구 선유로43길 27,37.534313855374826,126.89208573439312,정상,"이름, 주소"
27169515,CU 당산뉴보문점,서울 영등포구 당산로38길 12,37.52865843224501,126.89941131332283,정상,"이름, 주소, 좌표"
12297374,GS25 당산래미안점,서울 영등포구 당산로 214,37.5313961389966,126.902109347504,정상,주소
1748519323,CU 양평이레빌딩점,서울 영등포구 선유동2로 57,37.53412933580532,126.89734706082133,정상,주소
27498391,GS25 당산효성점,서울 영등포구 당산로 205,37.53259213273793,126.90039146921096,정상,"이름, 주소"
27498419,GS25 당산SK점,서울 영등포구 당산로41길 11,37.53085400607759,126.89816613003244,정상,"이름, 주소"
7954471,세븐일레븐 대림2호점,서울 영등포구 대림로 251,37.5027461688767,126.895935657726,정상,주소
192492799,GS25 양평양산점,서울 영등포구 양산로9길 11,37.5263935004466,126.88857655784312,정상,"이름, 주소"
20037908,GS25 당산쉐르빌점,서울 영등포구 당산로45길 1,37.533355459666,126.900604288474,정상,주소
1439873836,GS25 당산NC점,서울 영등포구 양평로 49,37.5341774830644,126.900974300544,정상,"이름, 주소"
19205971,CU 양평파스텔점,서울 영등포구 선유로43가길 24,37.531442591992025,126.89233311595754,정상,주소
1732413678,이마트24 영등포우체국점,서울 영등포구 선유동2로 13,37.5303915630451,126.89482021235,정상,"주소, 좌표"
195927695,신도림 무인편의점,서울 영등포구 경인로 702,37.510841003345,126.892150075751,정상,"주소, 좌표"
20037922,GS25 대림나누리점,서울 영등포구 대림로31길 26,37.496295030920614,126.89600793700434,정상,"이름, 주소, 좌표"
7948323,세븐일레븐 하나아파텔점,서울 영등포구 도영로 18,37.5080545559,126.895557315478,정상,"이름, 주소"
32673156,이마트24 쌍용시티점,서울 영등포구 도영로7길 15-1,37.5090160602426,126.894691867606,정상,"이름, 주소, 좌표"
18116676,세븐일레븐 문래파라곤점,서울 영등포구 선유로11길 12,37.51854501836468,126.88778170087613,정상,"이름, 주소"
12297329,GS25 하이팰리스점,서울 영등포구 선유서로 67,37.52188615995415,126.88427894656705,정상,주소
1848230873,세븐일레븐 오목교투웨니점,서울 영등포구 선유서로25길 19,37.52415143959938,126.88352542231033,정상,"이름, 주소"
1449591911,GS25 영등포리드점,서울 영등포구 양산로 96,37.5244013354065,126.893403230047,정상,"이름, 주소"
2046160357,CU CK양평점,서울 영등포구 영등포로3길 16,37.5247840222616,126.883605890265,정상,"이름, 주소, 좌표"
1469432869,GS25 양평지산점,서울 영등포구 영등포로13길 18,37.5240939777024,126.889358284198,정상,"주소, 좌표"
27495720,GS25 강서타워점,서울 영등포구 선유로 75,37.5206448567482,126.889268355981,정상,주소
16088761,CU 문래남부점,서울 영등포구 선유로 40,37.5173975241531,126.889141940169,정상,"주소, 좌표"
1594538832,CU 영등포리드원점,서울 영등포구 양산로 91,37.5250020575673,126.893130869798,정상,"주소, 좌표"
7950379,세븐일레븐 비즈센터점,서울 영등포구 양산로 53,37.5254343099683,126.888976194837,정상,"이름, 주소"
1974661294,세븐일레븐 영등포구청본점,서울 영등포구 당산로 128,37.5259460924962,126.89694422381,정상,"이름, 주소"
12297236,GS25 양평보보점,서울 영등포구 양산로7길 3,37.5256597072026,126.887229160034,정상,"이름, 주소"
16534480,CU 오목교코업점,서울 영등포구 영등포로3길 23,37.525742208510394,126.88312021199833,정상,"이름, 주소, 좌표"
12297298,GS25 양평역길점,서울 영등포구 선유서로 89,37.5238562095197,126.885675266952,정상,"이름, 주소"
20058426,GS25 양평코업점,서울 영등포구 양산로 7,37.5260565821194,126.88395687526,정상,"이름, 주소, 좌표"
63101867,나들가게 플러스원365,서울 영등포구 선유로 106-1,37.52341117134762,126.8904894102415,정상,"주소, 좌표"
1044145088,세븐일레븐 문래아르디세점,서울 영등포구 선유로17길 24,37.5208879723102,126.887200143293,정상,"이름, 주소"
436109638,세븐일레븐 양평미소점,서울 영등포구 양산로3길 9,37.52655865651159,126.88509983822213,정상,"이름, 주소, 좌표"
15095192,GS25 문래동국점,서울 영등포구 선유로 76,37.5207896386779,126.889933293128,정상,"이름, 주소"
27260398,이마트24 문래에이스점,서울 영등포구 선유로13길 25,37.5191848994954,126.88607604665403,정상,"이름, 주소"
16039203,CU 문래페르마타점,서울 영등포구 선유서로 15,37.517082615744854,126.88397416624605,정상,"이름, 주소"
502385697,CU 에이스중앙점,서울 영등포구 선유로 130,37.5253517628021,126.8912841248039,정상,"이름, 주소"
8014315,GS25 문래현대점,서울 영등포구 문래로 77,37.519828029093674,126.89064509600718,정상,"이름, 주소"
12297331,GS25 문래미원점,서울 영등포구 문래로 38,37.5202671067823,126.886182996639,정상,"이름, 주소"
562507291,세븐일레븐 롯데뉴스테이문래점,서울 영등포구 선유로9길 30,37.51804296865163,126.88477580850763,정상,"이름, 주소"
12297268,GS25 문래한신점,서울 영등포구 영등포로12길 11,37.52151998816305,126.88763358045207,폐업,없음
17918610,GS25 당산양남점,서울 영등포구 선유동1로 12-1,37.5232024983438,126.891857391431,정상,"이름, 주소, 좌표"
12297267,GS25 양평역점,서울 영등포구 선유서로 117,37.5262029653863,126.886241856445,정상,"이름, 주소"
74819488,세븐일레븐 양평우림센터점,서울 영등포구 양산로 43,37.5257612986976,126.887942847573,정상,"이름, 주소, 좌표"
1503054344,CU 영등포태광점,서울 영등포구 선유동1로 28,37.5244857925375,126.892149668036,정상,주소
27498420,GS25 당산공원점,서울 영등포구 양산로19길 11,37.5253712938625,126.894944913936,정상,"이름, 주소, 좌표"
1804029404,세븐일레븐 문래SK점,서울 영등포구 선유로9길 10,37.5176319732762,126.88743580152304,정상,"이름, 주소"
1982437475,세븐일레븐 영등포중흥점,서울 영등포구 선유서로24길 6,37.52366110224048,126.88609978442719,정상,"이름, 주소"
2072435928,CU 영등포사랑점,서울 영등포구 영등포로 89,37.5222742515927,126.891623435004,정상,"이름, 주소, 좌표"
26153714,CU 양평경남점,서울 영등포구 선유로33길 30,37.52712532195486,126.88784464631067,정상,이름
19200821,CU 문래벤처점,서울 영등포구 선유로 70,37.5200220066182,126.889957044665,정상,"이름, 주소"
1123213903,GS25 양평자이점,서울 영등포구 영등포로11길 22,37.524493050998,126.888325980917,정상,"주소, 좌표"
1511815762,세븐일레븐 양평행운점,서울 영등포구 선유서로21길 14,37.5227660347506,126.883866947793,정상,"이름, 주소, 좌표"
1718795583,GS25 당산새말점,서울 영등포구 영등포로25길 5,37.5216074774703,126.897647024105,정상,"이름, 주소, 좌표"
25757445,GS25 대림역점,서울 영등포구 대림로29길 43,37.4937933649285,126.895473143869,정상,"이름, 주소, 좌표"
12297336,GS25 당산하나점,서울 영등포구 영등포로 103,37.5219964165714,126.893243754818,정상,"이름, 주소"
27498424,GS25 영등포당일점,서울 영등포구 영등포로27길 8,37.521625038002824,126.89920808656242,정상,"이름, 주소, 좌표"
2091473627,세븐일레븐 대림두암점,서울 영등포구 대림로29길 24,37.49500280712758,126.89682957356027,정상,"이름, 주소"
1610739271,이마트24 당산국회대로점,서울 영등포구 국회대로38길 18,37.5254646478941,126.898668956857,정상,"이름, 주소, 좌표"
27498410,GS25 당산대우점,서울 영등포구 당산로30길 9,37.5256476289998,126.897713906678,정상,"이름, 주소, 좌표"
12149474,세븐일레븐 문래윤서점,서울 영등포구 문래로 164,37.51740755344159,126.9003992133287,정상,"이름, 주소"
2133675504,CU 영등포샤인점,서울 영등포구 당산로 82,37.5219465334289,126.895904471514,정상,"이름, 주소"
1711565372,세븐일레븐 당산리슈빌점,서울 영등포구 당산로28길 15,37.5246138814861,126.898412178644,정상,"이름, 주소, 좌표"
1478918244,GS25 영등포현대점,서울 영등포구 영등포로33길 3-1,37.5208546279838,126.902362937635,정상,"이름, 주소, 좌표"
2033245496,CU 당산온누리점,서울 영등포구 영등포로29길 14,37.52201167713058,126.90039874944229,정상,"이름, 주소, 좌표"
26468697,GS25 영등포타운점,서울 영등포구 당산로20길 9-2,37.523492132521,126.897368424428,정상,"이름, 주소, 좌표"
1407584742,CU 영등포꽃밭정원점,서울 영등포구 문래로 149,37.5187908116031,126.89853884721816,정상,"이름, 주소, 좌표"
514184153,CU 영등포NH오피스점,서울 영등포구 문래북로 81,37.5206774231938,126.894328199863,정상,주소
459441073,세븐일레븐 문래건영점,서울 영등포구 문래로 94-7,37.51867966314521,126.8920731867355,정상,"이름, 주소"
52315596,세븐일레븐 영신로점,서울 영등포구 영등포로33길 15,37.5218126260848,126.902644495513,정상,"이름, 주소, 좌표"
10555132,세븐일레븐 당산3호점,서울 영등포구 영등포로 157,37.52106538761434,126.8990583879804,정상,"이름, 주소, 좌표"
180700306,GS25 생각공장당산점,서울 영등포구 영등포로 150,37.520575519508,126.897289841388,정상,주소
69477752,CU 영등포디벨리움점,서울 영등포구 양산로 141,37.52378976183397,126.8987583287978,정상,"이름, 주소, 좌표"
19205517,CU 문래아카데미점,서울 영등포구 문래로 89,37.51960048781697,126.89207299166132,정상,"이름, 주소"
1774954649,GS25 문래트리플렉스점,서울 영등포구 문래북로 116,37.51954277024629,126.89809892709137,정상,"이름, 주소"
27498423,GS25 영등포청과점,서울 영등포구 영신로 175,37.5233876658613,126.901662787536,정상,"이름, 주소"
1979533255,스토리웨이,서울 영등포구 국회대로 612,37.525781051761,126.902053333108,정상,"주소, 좌표"
738293029,세븐일레븐 신길클래시안점,서울 영등포구 신길로28길 9,37.50506383440622,126.91177849196397,정상,"이름, 주소"
24893394,CU 문래한신점,서울 영등포구 문래로20길 14,37.5171166452294,126.893309526772,정상,"이름, 주소"
1137928701,GS25 당산미래점,서울 영등포구 영등포로 106,37.52159333409391,126.89287441969071,정상,"이름, 주소"
12297239,GS25 문래LG점,서울 영등포구 당산로 34,37.5173390977358,126.896236645229,정상,주소
768705253,세븐일레븐 대림역본점,서울 영등포구 도림천로 375,37.4914729962748,126.896181976141,정상,"이름, 주소, 좌표"
7950319,세븐일레븐 당산2호점,서울 영등포구 당산로 104,37.5238372754492,126.89640412199,정상,"이름, 주소"
835710552,GS25 영등포포레나점,서울 영등포구 당산로 83,37.5224417845157,126.895564413141,정상,주소
1837562244,CU 대림희망점,서울 영등포구 도림천로19길 12,37.486793393052,126.90064000496312,정상,"이름, 주소"
1877323894,세븐일레븐 신길정원점,서울 영등포구 신길로38길 12,37.505838959357675,126.91212818486069,정상,"이름, 주소"
1617362564,CU 양남교보점,서울 영등포구 영등포로18길 10-2,37.5211191722234,126.891629630587,정상,"이름, 주소, 좌표"
1556005026,이마트24 당산포레나점,서울 영등포구 당산로16길 11-1,37.5226126649164,126.897265555334,정상,"이름, 주소, 좌표"
198709360,씨스페이스 영등포점,서울 영등포구 시흥대로 607,37.4869027863316,126.904365511061,정상,주소
1006006744,GS25 대림밸리소홈점,서울 영등포구 도림천로19길 11,37.48649841316582,126.90022430090166,정상,"이름, 주소"
94918181,GS25 신대림자이점,서울 영등포구 시흥대로173길 13,37.486650482399334,126.90213836446394,정상,"이름, 주소"
381936859,GS25 신길대성점,서울 영등포구 가마산로77길 1,37.5050819017427,126.914290360683,정상,"이름, 주소, 좌표"
1180471366,CU 신길래미안점,서울 영등포구 신길로42길 20,37.5073657138168,126.912738270071,정상,"주소, 좌표"
21238380,세븐일레븐 S여의나루역점,서울 영등포구 여의동로 지하 343,37.5271469283993,126.932949765675,정상,"이름, 좌표"
554665426,CU 신길대박점,서울 영등포구 도신로36길 16,37.5085773513825,126.908875539484,정상,"이름, 주소, 좌표"
1410912049,세븐일레븐 신길우성점,서울 영등포구 대방천로 172,37.4990167353351,126.90998637494,정상,"이름, 주소, 좌표"
641303714,씨스페이스 신길점,서울 영등포구 도신로56길 62,37.5065645579613,126.914986489476,정상,"이름, 주소, 좌표"
967811519,세븐일레븐 여의IFC점,서울 영등포구 국제금융로2길 7,37.52460959702852,126.92669952183441,정상,주소
27498469,GS25 신길행복점,서울 영등포구 신길로39길 14,37.5069955229496,126.909311766799,정상,"이름, 주소, 좌표"
1727261216,CU 영등포삼환점,서울 영등포구 여의대방로43라길 9,37.507529171788974,126.91961687939451,정상,"이름, 주소"
1413851710,세븐일레븐 여의서울점,서울 영등포구 여의나루로 117,37.526133125681135,126.9310795187579,정상,"이름, 주소"
101468910,GS25 영등포더샵점,서울 영등포구 가마산로79길 37,37.508571361761,126.9166242001838,정상,주소
8001124,GS25 여의쌍마점,서울 영등포구 여의나루로 81,37.524321907460326,126.92772359632687,정상,"이름, 주소, 좌표"
1174024210,GS25 여의파크원점,서울 영등포구 여의대로 108,37.52658306675714,126.92714445328207,정상,"이름, 주소"
614528630,GS25 엘지트윈타워점,서울 영등포구 여의대로 128,37.5279268345544,126.929241740261,정상,"주소, 좌표"
7955820,세븐일레븐 여의1호점,서울 영등포구 국제금융로7길 22,37.5234241613374,126.933256272294,정상,"이름, 주소"
1030779309,CU 여의파크원점,서울 영등포구 여의대로 108,37.527079068803005,126.92787931891976,정상,"이름, 주소"
1844006595,GS25 여의도현대점,서울 영등포구 여의도동 2-2,37.52549298883295,126.92736271927402,정상,"이름, 좌표"
20038191,GS25 여의한화점,서울 영등포구 여의대로 56,37.52405754219552,126.92286283143245,정상,"이름, 주소"
101683491,CU 한강버스여의도점,서울 영등포구 여의도동 85-1,37.52894344213031,126.93440531432992,정상,이름
113642798,GS25 브라이튼여의도1호점,서울 영등포구 국제금융로 39,37.52365011325421,126.92980348718594,정상,주소
27062754,CU 여의도선착장1호점,서울 영등포구 여의동로 280,37.52496258568632,126.93901986761166,정상,"주소, 좌표"
558080786,CU 여의도선착장2호점,서울 영등포구 여의동로 290,37.525812814318996,126.9384082813305,정상,주소
922627565,GS25 브라이튼여의도2호점,서울 영등포구 국제금융로 39,37.5244493737064,126.929923783669,정상,주소
837333909,GS25 여의도IFC몰점,서울 영등포구 국제금융로 10,37.525046095762164,126.92591851574642,정상,주소
25757566,GS25 여의파이낸스점,서울 영등포구 국제금융로2길 32,37.5239952542558,126.92406994790112,정상,"이름, 주소"
1749658926,GS25 여의도iM점,서울 영등포구 여의대로 66,37.52454463195603,126.9237073858843,정상,"주소, 좌표"
602850682,세븐일레븐 여의도공원3호점,서울 영등포구 여의공원로 68,37.525889800877344,126.92092644471664,정상,주소
1308515775,이마트24 중소기업중앙회점,서울 영등포구 은행로 30,37.52815248220069,126.92268891679304,정상,"주소, 좌표"
25757384,GS25 G여의도점,서울 영등포구 은행로 64,37.5304761483557,126.925466260004,정상,주소
453740865,이마트24 self위워크여의도점,서울 영등포구 의사당대로 83,37.5233677568981,126.923450659622,폐업,없음
383422057,CU 여의도KCC점,서울 영등포구 국회대로72길 17,37.5294463005963,126.921294901473,정상,"이름, 주소"
1617324165,이마트24 여의도공원4호점,서울 영등포구 여의도동 2,37.52803185148632,126.92423894832721,정상,이름
2087670560,CU 순복음드림점,서울 영등포구 은행로 54,37.5297619666414,126.924539267631,정상,"이름, 주소, 좌표"
12149444,세븐일레븐 여의점,서울 영등포구 여의서로 43,37.5307821302228,126.92490027525129,정상,"이름, 주소"
1727080095,CU 대림행복점,서울 영등포구 대림로34다길 16,37.500048600665004,126.89910025713525,정상,"이름, 주소"
428206371,GS25 여의순복음점,서울 영등포구 국회대로76길 18,37.5299812131077,126.92222883323,정상,"이름, 주소, 좌표"
775587691,이마트24 영등포푸른숲마을점,서울 영등포구 가마산로79길 46,37.50871461162167,126.91789644664033,정상,"이름, 주소"
1342612843,CU 여의도선착장터미널점,서울 영등포구 여의도한강공원길 231,37.529579153395765,126.93369653727487,정상,주소
1192463901,CU BNK금융타워점,서울 영등포구 국제금융로2길 24,37.524304790588,126.924840024111,정상,"이름, 주소, 좌표"
12297266,GS25 여의파라곤점,서울 영등포구 국회대로 800,37.53074620727823,126.92093828855792,정상,주소
792177872,CU L영등포지사8층점,서울 영등포구 영중로8길 14,37.5181788000439,126.907015533232,정상,"이름, 주소, 좌표"
27498416,GS25 여의아일렉스점,서울 영등포구 여의대방로 375,37.518795172580596,126.93075709505457,정상,주소
18114773,세븐일레븐 여의백상점,서울 영등포구 국제금융로6길 30,37.5216182196034,126.926619869145,정상,"이름, 주소"
26775858,CU 여의도역점,서울 영등포구 여의나루로 42,37.5215918301198,126.924773741052,정상,주소
1110511042,동북편의점,서울 영등포구 국제금융로8길 27-9,37.5195959715179,126.92891590622,폐업,없음
12149594,세븐일레븐 여의역점,서울 영등포구 국제금융로2길 37,37.52272161039005,126.92395019610714,정상,"이름, 주소"
1342252460,GS25 S9여의도역점,서울 영등포구 의사당대로 지하 101,37.52190666580824,126.92396912290152,정상,"이름, 좌표"
27125960,GS25 여의수정점,서울 영등포구 국제금융로7길 3,37.52248053579833,126.93120505217529,정상,주소
646297429,세븐일레븐 여의아일렉스점,서울 영등포구 의사당대로 108,37.5209823620652,126.924163498156,정상,"이름, 주소"
1707176876,세븐일레븐 금융감독원점,서울 영등포구 여의대로 38,37.5230600217616,126.921328760442,정상,"이름, 주소, 좌표"
1540790574,CU 여의도파인루체점,서울 영등포구 여의대방로69길 19,37.5205996857153,126.930423983936,정상,"주소, 좌표"
16880078,GS25 여의도자이점,서울 영등포구 여의동로3길 10,37.5183414249681,126.926866280151,정상,"이름, 주소"
8446804,세븐일레븐 여의3호점,서울 영등포구 국회대로74길 20,37.52977078436847,126.92148010115048,정상,주소
754694089,GS25 S9샛강역점,서울 영등포구 의사당대로 지하 166,37.51698206269259,126.9287521063387,정상,"이름, 주소"
13119801,세븐일레븐 여의홍우점,서울 영등포구 국제금융로 78,37.52088230856679,126.93146556692716,정상,"이름, 주소"
1028721376,GS25 교직원공제회점,서울 영등포구 여의나루로 50,37.52180502244091,126.92565135760121,정상,"이름, 주소, 좌표"
696037125,CU 여의도티피타워점,서울 영등포구 의사당대로 96,37.52154379289307,126.92293555509393,정상,"이름, 주소, 좌표"
27498395,GS25 여의서린점,서울 영등포구 여의대방로65길 17,37.519595303384165,126.92930390559252,정상,주소
17050933,CU 여의도아이비점,서울 영등포구 국제금융로 86,37.52038516672382,126.93183140039696,정상,"이름, 주소"
9622390,CU 여의도점,서울 영등포구 여의대방로 394,37.5195279968892,126.932852514172,정상,"이름, 주소"
1231333558,GS25 여의캐피탈점,서울 영등포구 국제금융로8길 27-8,37.5192766694097,126.928341566203,정상,"이름, 주소"
26896176,CU 여의트레뉴점,서울 영등포구 국제금융로2길 37,37.52309189518652,126.92461046699444,정상,"이름, 주소"
1465632890,이마트24 여의도SK점,서울 영등포구 국제금융로8길 31,37.51984421025268,126.9281917056669,정상,"이름, 주소"
19205945,CU 여의동산점,서울 영등포구 여의대방로 417,37.5210857584644,126.934326221504,정상,"주소, 좌표"
2064292780,CU 여의중앙점,서울 영등포구 국제금융로8길 19,37.5207620017854,126.929136517064,정상,"이름, 주소, 좌표"
8003372,GS25 동여의점,서울 영등포구 여의대방로65길 23,37.520239208173614,126.9287840766518,정상,"이름, 주소, 좌표"
1481992890,GS25 R영등포6점,서울 영등포구 영중로8길 14,37.5181689086157,126.907040431245,정상,"이름, 주소, 좌표"
2067013807,세븐일레븐 여의도시범아파트점,서울 영등포구 63로 45,37.51968540581667,126.93728438749937,정상,주소
16866931,GS25 여의도역점,서울 영등포구 여의나루로 42,37.5217469118608,126.924945531415,정상,"이름, 주소"
7955506,세븐일레븐 S여의도역점,서울 영등포구 여의나루로 지하 40,37.5216383206217,126.924208083141,정상,"이름, 주소"
16300872,미셸푸드미셸스토어,서울 영등포구 63로 10,37.5182723355833,126.936726771306,정상,"주소, 좌표"
22877177,GS25 여의타워점,서울 영등포구 63로 36,37.5196175849559,126.938531017897,정상,주소
19698242,세븐일레븐 여의도성모병원점,서울 영등포구 63로 10,37.5183336546355,126.936821738034,정상,"이름, 주소"
370522652,세븐일레븐 여의도한강1호점,서울 영등포구 한강남자전거길 1593,37.523121445778436,126.94001346797485,정상,"주소, 좌표"
589147228,CU 여의리첸시아점,서울 영등포구 여의동로 213,37.5184215880627,126.939568154353,정상,"이름, 주소"
1678604899,세븐일레븐 여의진주점,서울 영등포구 국제금융로 110,37.51840750297088,126.93347792612984,정상,"이름, 주소"
2012917052,이마트24 한강파라다이스점,서울 영등포구 여의동로 252,37.52283751111229,126.94157367619178,정상,"주소, 좌표"
2098404427,CU 신길밤동산점,서울 영등포구 여의대방로61길 36,37.5155114046418,126.922671418538,정상,"주소, 좌표"
25757441,GS25 당산계룡점,서울 영등포구 국회대로55길 10,37.5259986982457,126.908293234042,정상,"이름, 주소"
1455318914,이마트24 영등포어반점,서울 영등포구 국회대로54길 55,37.5210124072346,126.910453166573,폐업,없음
20038207,GS25 영등포센트럴점,서울 영등포구 문래로 180,37.5179963653856,126.902022786982,정상,"이름, 주소, 좌표"
1006888415,GS25 영등포아크로점,서울 영등포구 국회대로54길 10,37.522946137851704,126.90604466752642,정상,"이름, 주소"
1003302520,GS25 R영등포4점,서울 영등포구 영중로8길 14,37.5181842897242,126.907121856418,정상,"주소, 좌표"
7948850,세븐일레븐 영등포시장점,서울 영등포구 영등포로 236-1,37.5192190304548,126.907618295663,정상,"주소, 좌표"
19204368,CU 당산행운점,서울 영등포구 버드나루로 95,37.5267016299119,126.908486956936,정상,"이름, 주소"
19729738,CU 영등포그랑그루점,서울 영등포구 문래로 191,37.5184911141679,126.903234759483,정상,"이름, 주소, 좌표"
1033152091,GS25 한강성심병원점,서울 영등포구 버드나루로7길 12-1,37.52288126572534,126.90950634667308,정상,"이름, 주소, 좌표"
1635486521,CU 영등포보성점,서울 영등포구 국회대로 674,37.524952228692705,126.90893255265895,정상,"이름, 주소, 좌표"
17050636,CU 영등포중앙점,서울 영등포구 영등포로 255,37.5191162896837,126.909916988778,정상,"이름, 주소, 좌표"
7950709,세븐일레븐 S영등포시장역점,서울 영등포구 양산로 202,37.52249524013122,126.90554748943586,정상,"이름, 주소, 좌표"
1503882924,세븐일레븐 영등포영신점,서울 영등포구 영등포로36길 3,37.51971248123042,126.90385703534024,정상,"이름, 주소"
743581953,CU 국회대로오피스점,서울 영등포구 국회대로52길 3,37.5250677604626,126.906882543507,정상,"이름, 주소, 좌표"
1193128281,CU 영등포시장역점,서울 영등포구 영중로 68,37.5223816714087,126.905494464627,정상,주소
1590570549,CU 여의광복회관점,서울 영등포구 국회대로62길 15,37.52691872745215,126.91696240718032,정상,"이름, 주소"
676791350,세븐일레븐 영등포미진점,서울 영등포구 버드나루로 87,37.5259314448181,126.908708498763,정상,"이름, 주소, 좌표"
1128890702,무인미니편의점,서울 영등포구 버드나루로 29,37.5213558346276,126.911844154414,폐업,없음
1854246911,CU 영등포이가점,서울 영등포구 버드나루로 25,37.521039760908,126.912083212299,정상,"이름, 주소, 좌표"
69854280,CU 여의도KBS점,서울 영등포구 여의공원로 13,37.5253631875656,126.916380391574,정상,"이름, 주소, 좌표"
2141223775,CU 영신점,서울 영등포구 영등포로 225,37.51968616399641,126.90699782606124,정상,"이름, 주소"
10477485,세븐일레븐 영등포6호점,서울 영등포구 영등포로 252,37.518870714901546,126.90926119926223,정상,주소
12297232,GS25 영등포사랑점,서울 영등포구 영중로10길 40,37.518398031188426,126.90970858513958,정상,"주소, 좌표"
19042045,GS25 영등포충무점,서울 영등포구 영신로32길 20,37.5189309327702,126.903392556935,정상,"이름, 주소, 좌표"
16933142,CU 영등포메인점,서울 영등포구 영등포로 199,37.5203188227414,126.90381609967,정상,주소
1486282710,CU 영등포리더스점,서울 영등포구 영등포로 264-4,37.5185040382421,126.910483312316,정상,"이름, 주소"
27498422,GS25 신길역점,서울 영등포구 경인로114가길 4,37.51810751629567,126.91401303351068,정상,"주소, 좌표"
12297293,GS25 영등포영림점,서울 영등포구 영중로 52-1,37.520844293402305,126.90516043422768,정상,주소
1932830881,Q편의점,서울 영등포구 영중로4길 31-2,37.5180178601151,126.909776913271,정상,주소
48801419,GS25 영등포리미티오점,서울 영등포구 버드나루로 5,37.5192747502046,126.912155416737,정상,"주소, 좌표"
1458088183,이마트24 R영등포아자점,서울 영등포구 영중로10길 6,37.5190304878595,126.906179663372,정상,"이름, 주소, 좌표"
943057360,GS25 영등포흥국점,서울 영등포구 버드나루로2길 7,37.52103984346979,126.91341465031364,정상,"이름, 주소, 좌표"
1165893224,GS25 엔비어스파크점,서울 영등포구 버드나루로10길 7,37.52459864846745,126.91078599789407,정상,"이름, 주소"
236304272,세븐일레븐 영등포아크로타워점,서울 영등포구 국회대로54길 10,37.52420432378769,126.90767776195308,정상,"이름, 주소"
26153850,CU 당산하늘점,서울 영등포구 버드나루로 88,37.525963383571046,126.9092322460278,정상,"이름, 주소, 좌표"
883743254,CU 성심다온점,서울 영등포구 영등포로53길 40,37.52197834331043,126.90935245904006,정상,"이름, 주소"
17050637,CU 영등포신길레트로점,서울 영등포구 경인로112길 13,37.51809608262806,126.91439764406324,정상,"이름, 주소, 좌표"
27498413,GS25 영등포시장역점,서울 영등포구 영중로 65,37.5221718621121,126.904528658524,정상,"이름, 주소"
1460866642,CU 영등포아크로타워점,서울 영등포구 국회대로54길 10,37.52364089533637,126.90615126526919,정상,"이름, 주소"
1406145017,코레일유통 신길지하환승통로편의점,서울 영등포구 영등포로 327,37.517031311352,126.917226742499,정상,주소
195106645,GS25 타임스퀘어점,서울 영등포구 영중로 15,37.517233707169474,126.90371599319953,정상,"이름, 주소, 좌표"
17050585,CU 영등포에이스점,서울 영등포구 경인로 775,37.5149841232753,126.898597163676,정상,"이름, 주소"
25766237,GS25 영등포역점,서울 영등포구 경인로102길 4,37.5159239542157,126.906337387067,정상,"이름, 주소"
12149442,세븐일레븐 영등포푸르지오점,서울 영등포구 도신로29길 28,37.5130894891283,126.904205425185,정상,"이름, 주소"
19423775,세븐일레븐 영등포메인점,서울 영등포구 경인로 869-1,37.5175831862186,126.90926728293212,정상,"이름, 주소"
1672655527,GS25 도림세종점,서울 영등포구 도신로 145,37.5096918531072,126.907662838639,정상,"주소, 좌표"
12149892,세븐일레븐 영등포본점,서울 영등포구 영중로 12,37.517637622108616,126.90628660528827,정상,"이름, 주소"
994953573,CU 영등포문래S타워점,서울 영등포구 문래로28길 25,37.5157150716206,126.89992864917,정상,"이름, 주소"
7949990,세븐일레븐 영등포2호점,서울 영등포구 영중로4길 9-4,37.517611572719154,126.90753091556697,정상,주소
1548232965,이마트24 영등포공원점,서울 영등포구 영신로20길 14,37.5154360834398,126.909251784375,정상,"이름, 주소, 좌표"
13119859,세븐일레븐 영등포영일점,서울 영등포구 영신로19길 14,37.5141939897186,126.906289780227,정상,"이름, 주소, 좌표"
1140600583,세븐일레븐 영등포역사점,서울 영등포구 경인로 846,37.5159400226611,126.90728978376308,정상,"이름, 주소"
1038214349,이마트24 영등포점,서울 영등포구 경인로 861,37.517172457801,126.90826783926,정상,"이름, 주소, 좌표"
12297333,GS25 문래센터점,서울 영등포구 경인로82길 3-4,37.51228838290565,126.89659087967789,정상,주소
719601173,GS25 문래영시티점,서울 영등포구 문래로28길 25,37.516513092801524,126.89961312527194,정상,"이름, 주소"
1361570582,GS25 영등포스타점,서울 영등포구 도신로 187,37.5112556380886,126.911912588019,정상,"이름, 주소, 좌표"
16085960,GS25 문래시티점,서울 영등포구 경인로 775,37.5143541987667,126.899507430267,정상,"이름, 주소"
1969136254,스토리웨이 영등포맞이방,서울 영등포구 경인로 846,37.5156691168329,126.907667917059,정상,"주소, 좌표"
485896806,GS25 신길그린점,서울 영등포구 영등포로62길 8,37.51524606239882,126.91671292085337,정상,"이름, 주소"
27096064,GS25 영등포우신점,서울 영등포구 신길로 205,37.5103551833897,126.910248737561,정상,"이름, 주소"
12297294,GS25 영등포본점,서울 영등포구 경인로 849,37.516798477934636,126.90703421317436,정상,"이름, 주소, 좌표"
996989286,이마트24 신길위브점,서울 영등포구 신길로60다길 1,37.5144371203504,126.91318022063,정상,"이름, 주소, 좌표"
25757576,GS25 영등포씨티점,서울 영등포구 경인로 882,37.517606871060096,126.91078979763735,정상,"이름, 주소"
2038095497,스토리웨이,서울 영등포구 영등포로 327,37.517031311352,126.917226742499,정상,주소
1594655874,CU 여의더리브점,서울 영등포구 경인로 900,37.5177740604753,126.91266959324,정상,"이름, 주소"
23793707,CU KT지식센터점,서울 영등포구 영신로 220,37.52656212360759,126.90413163514259,정상,주소
1231306325,세븐일레븐 영등포헤스티아점,서울 영등포구 경인로108길 4,37.517158125728216,126.91072924948507,정상,"이름, 주소"
754443496,CU 영등포달빛점,서울 영등포구 영신로19길 5-4,37.51409028819277,126.90732261185786,정상,"이름, 주소, 좌표"
2019001298,GS25 영등포유윈시티점,서울 영등포구 국회대로 632,37.5254061890395,126.904194203444,정상,"이름, 주소, 좌표"
19304875,CU 영등포여고점,서울 영등포구 영등포로62나길 1,37.5158483205815,126.915988325139,정상,"이름, 주소, 좌표"
867565918,이마트24 영등포KT점,서울 영등포구 영중로 119,37.5265765024891,126.905201823592,정상,"이름, 주소"
27260182,이마트24 신세계영등포제일점,서울 영등포구 영중로3길 5,37.5167669292121,126.905879349391,정상,"이름, 주소, 좌표"
16273080,GS25 문래에이스점,서울 영등포구 경인로 775,37.5143505793578,126.899489337324,정상,"이름, 주소"
2090269790,CU 영등포라이프점,서울 영등포구 신길로 289,37.51743669214548,126.91213947284805,정상,"이름, 주소"
1812350588,스토리웨이,서울 영등포구 경인로 846,37.5156691168329,126.907667917059,정상,"주소, 좌표"
21312571,록산식품,서울 영등포구 영중로 15,37.5171106750708,126.903109852753,정상,"이름, 주소"
27498425,GS25 신길타운점,서울 영등포구 영등포로62길 27,37.516042182628,126.914933887268,정상,"이름, 주소, 좌표"
1353106016,GS25 문래승호점,서울 영등포구 경인로77길 14,37.51294542440794,126.89278385191008,정상,"이름, 주소"
12297301,GS25 문래역점,서울 영등포구 당산로4길 12,37.5169810845735,126.894861660196,정상,"이름, 주소"
17903298,CU 당산한강점,서울 영등포구 영신로57길 1,37.52793918775759,126.90343524391619,정상,"이름, 주소"
8380122,세븐일레븐 당산역점,서울 영등포구 양평로 24,37.53324987400421,126.90366259645559,정상,"이름, 주소"
27168682,CU 당산삼환점,서울 영등포구 영중로 145,37.529158122236396,126.90551419923189,정상,"이름, 주소"
16095717,CU 신길대신시장점,서울 영등포구 도신로 227-1,37.5121472954965,126.916408710767,정상,"이름, 주소, 좌표"
1232855776,GS25 영등포대신점,서울 영등포구 도신로 222,37.511570361278,126.915997644541,정상,"주소, 좌표"
1078854602,이마트24 문래삼환점,서울 영등포구 도림로143길 30,37.51345365323074,126.88991352760792,정상,주소
16073861,GS25 당산진미점,서울 영등포구 버드나루로19길 5,37.528400949588004,126.90737052639295,정상,"이름, 주소, 좌표"
16796127,GS25 문래신안점,서울 영등포구 경인로77길 49,37.514376346529254,126.88902085561983,정상,"이름, 주소"
19950453,GS25 당산양평점,서울 영등포구 양평로 16,37.53283789517969,126.90449922465275,정상,"이름, 주소"
1997588694,세븐일레븐 문래하우스디점,서울 영등포구 선유로3길 10,37.5163464656398,126.886727375073,정상,"이름, 주소"
27096066,GS25 우신초교점,서울 영등포구 도신로48길 9-2,37.51018892846194,126.91323716957984,정상,"이름, 주소, 좌표"
1550005715,CU 당산리버파크점,서울 영등포구 당산로37길 7,37.5296325293429,126.897449387863,정상,"이름, 주소, 좌표"
1520839352,세븐일레븐 신길대신점,서울 영등포구 도신로60길 2,37.5117844881654,126.916829874793,정상,"이름, 주소, 좌표"
1810183204,GS25 문래그랜드점,서울 영등포구 선유로9나길 22,37.5157762529812,126.885918345229,정상,"주소, 좌표"
1249072165,인더라인25 문래점,서울 영등포구 선유로 34,37.5169846570335,126.888920845148,폐업,없음
19199330,CU 영등포마사회점,서울 영등포구 영중로8길 14,37.5181299622588,126.906782572941,정상,"이름, 주소"
1065086596,세븐일레븐 문래창작촌점,서울 영등포구 도림로128길 19,37.5153231520027,126.894764446964,정상,"이름, 주소, 좌표"
10477484,세븐일레븐 영등포3호점,서울 영등포구 영중로 134-1,37.5283035680187,126.906136373438,정상,"주소, 좌표"
26896381,CU 당산강변점,서울 영등포구 버드나루로20길 6,37.5287235036098,126.908520689463,정상,"이름, 주소, 좌표"
935697909,신구멍가게24 당산점,서울 영등포구 국회대로53길 30,37.5282112033394,126.906689705428,정상,"주소, 좌표"
8675919,CU 영등포구청점,서울 영등포구 당산로 109,37.52463703026368,126.89602291023576,정상,"이름, 주소, 좌표"
1850569013,CU 당산대박점,서울 영등포구 버드나루로23길 9,37.52997650156,126.906989576383,정상,"주소, 좌표"
1215152670,CU 영등포자매점,서울 영등포구 국회대로46길 5,37.5250336758796,126.904814617743,정상,"이름, 주소, 좌표"
184289036,GS25 당산삼환점,서울 영등포구 영중로 157-11,37.5303820740293,126.904880228231,정상,"이름, 주소, 좌표"
1271695213,온앤오프 영등포시장역점,서울 영등포구 양산로31길 6-1,37.5233180062651,126.904614304122,정상,"주소, 좌표"
1586653976,CU 당산샤인점,서울 영등포구 당산로50가길 3-17,37.5326447883982,126.906384364192,정상,"이름, 주소"
24893395,CU 당산역점,서울 영등포구 당산로 214,37.53254927087501,126.90412397216105,정상,"이름, 주소"
940990546,GS25 문래공원점,서울 영등포구 도림로 441-1,37.514439335656384,126.89383365040742,정상,"이름, 주소, 좌표"
1921012344,GS25 당산리버파크점,서울 영등포구 버드나루로22길 5,37.53092121349328,126.90757897452504,정상,"이름, 주소, 좌표"
27498417,GS25 영등포영달점,서울 영등포구 영신로24길 18-1,37.5162936560044,126.904450180753,정상,"이름, 주소, 좌표"
809035782,CU 도신로점,서울 영등포구 도신로54길 11-2,37.5103443561148,126.915103225359,정상,"이름, 주소, 좌표"
10558843,세븐일레븐 장훈고점,서울 영등포구 영등포로64길 23,37.5130120348546,126.91609217162193,정상,"이름, 주소"
1414848620,이마트24 당산삼촌점,서울 영등포구 버드나루로 128,37.529585258943,126.907873640563,정상,"이름, 주소, 좌표"
419305202,CU 문래라이프점,서울 영등포구 경인로77길 19,37.512926659236705,126.89196610017093,정상,"이름, 주소"
1332558577,GS25 당산메인점,서울 영등포구 국회대로53길 19,37.5271658169525,126.906405918511,정상,"주소, 좌표"
1282280398,GS25 당산뷰티풀점,서울 영등포구 당산로 246,37.53516507918318,126.90326865923012,정상,주소
1137799517,CU 영등포세무서점,서울 영등포구 선유로47길 15,37.5354076601686,126.895074528215,정상,"이름, 주소, 좌표"
1075951037,아이지에이마트,서울 영등포구 영등포로35길 9,37.5209929734964,126.904062969843,정상,"주소, 좌표"
16527602,CU 당산중앙점,서울 영등포구 당산로49길 6,37.5355878891123,126.902465927124,정상,"이름, 주소, 좌표"
1881896850,CU SK기린주유소점,서울 영등포구 선유로 270,37.53633084842411,126.8988183148827,정상,주소
986441490,GS25 양평한아름점,서울 영등포구 선유로51길 36,37.5382354060712,126.894520670248,정상,"주소, 좌표"
855186847,세븐일레븐 선유비즈타워점,서울 영등포구 양평로21길 26,37.5362959189433,126.891935790598,정상,"이름, 주소"
7956321,세븐일레븐 양평점,서울 영등포구 양평로20길 5,37.537773168839,126.895506828172,정상,"주소, 좌표"
1680962037,GS25 S9선유도역점,서울 영등포구 양평로 지하 124,37.5381317037445,126.893419894715,정상,"이름, 주소, 좌표"
12149626,세븐일레븐 롯데타워점,서울 영등포구 양평로21길 10,37.53745897585461,126.89277705079232,정상,"이름, 주소"
19205147,CU 선유도역점,서울 영등포구 양평로22길 21,37.5397261366714,126.895056030651,정상,"이름, 주소"
17056298,GS25 양평중앙점,서울 영등포구 양평로18길 8,37.537277236054,126.897123242854,정상,"주소, 좌표"
709388070,CU 여의아일랜드점,서울 영등포구 의사당대로 38,37.526145898493525,126.91858779694466,정상,"이름, 주소"
979300375,GS25 양평한아름점,서울 영등포구 선유로51길 1,37.536474901104974,126.89764820473407,폐업,없음
27494715,GS25 신길영신점,서울 영등포구 도신로62길 23,37.51040028489328,126.91904827416742,정상,"이름, 주소"
12297265,GS25 여의파크점,서울 영등포구 의사당대로 38,37.52521974086695,126.91869288084142,정상,주소
1558503270,GS25 당산스테이션점,서울 영등포구 당산로 229,37.5352630374978,126.902963047124,정상,"이름, 주소"
1977635404,CU 영등포한강성심점,서울 영등포구 버드나루로 44,37.5226151811982,126.911503301557,정상,"이름, 주소, 좌표"
1698807671,싸다몰,서울 영등포구 가마산로71길 2,37.5061134912438,126.909379562073,폐업,없음
1130499859,CU 신길성애점,서울 영등포구 영등포로72길 18,37.5124622616642,126.918435261872,정상,"이름, 주소, 좌표"
1301605181,씨스페이스 약산상가점,서울 영등포구 선유로 269,37.536712092066,126.897911508382,폐업,없음
16477104,GS25 양평한신점,서울 영등포구 양평로24길 8,37.5391658907554,126.893241910754,정상,"주소, 좌표"
12149446,세븐일레븐 양평롯데점,서울 영등포구 양평로19길 12,37.5362945604267,126.894418179748,정상,"주소, 좌표"
27603062,GS25 양평본점,서울 영등포구 양평로30가길 19,37.54234561699064,126.89039948720418,정상,"이름, 주소"
281954822,CU 양평한신점,서울 영등포구 양평로24길 9,37.5407785136294,126.891086345469,정상,주소
17056281,GS25 당산정고을점,서울 영등포구 당산로49길 20,37.536419355272,126.90119309944,정상,"이름, 주소, 좌표"
1649762580,GS25 당산양화점,서울 영등포구 선유로52길 11,37.53585030897605,126.89951479784288,정상,"이름, 주소"
865611817,CU 당산타운점,서울 영등포구 버드나루로17길 8,37.5273856326549,126.907513195504,정상,"이름, 주소, 좌표"
816139268,CU 한강르네상스양화2호점,서울 영등포구 노들로 147,37.5425464242696,126.896256034154,정상,"이름, 주소"
27498412,GS25 선유도타워점,서울 영등포구 선유로49길 23,37.5364394096545,126.895191884436,정상,주소
13056613,세븐일레븐 양평우림점,서울 영등포구 양평로 149,37.538846992992156,126.89132789765492,정상,주소
894939313,CU 양평뉴타워점,서울 영등포구 선유로49길 20-1,37.53655862627291,126.8955130486987,정상,"이름, 주소, 좌표"
1936480338,마이팬트리24편의점 더코노셔점,서울 영등포구 국회대로68길 24,37.5282489876362,126.920128634896,정상,"이름, 주소, 좌표"
2092554822,이마트24 신길우신점,서울 영등포구 도신로48길 26,37.5089339150875,126.913353987314,정상,"이름, 주소, 좌표"
18112796,세븐일레븐 여의금강점,서울 영등포구 국회대로70길 22,37.52859535545639,126.92069732331095,정상,"이름, 주소"
233725449,세븐일레븐 신길경천점,서울 영등포구 영등포로80길 22,37.511731720566,126.92000598604,정상,"이름, 주소, 좌표"
1482751745,GS25 신길하늘점,서울 영등포구 도신로 256,37.5136761009165,126.91870653654313,정상,"이름, 주소, 좌표"
1960462884,CU 당산역한강점,서울 영등포구 당산로48길 11,37.534764249242,126.903409473099,정상,"이름, 주소, 좌표"
820888296,GS25 영등포그랜드점,서울 영등포구 여의대방로43라길 20,37.5089784246688,126.920262275291,정상,"주소, 좌표"
27498414,GS25 여의에클라트점,서울 영등포구 국회대로 780,37.5298339288051,126.918923192549,정상,"이름, 주소"
27062770,CU 영등포신성점,서울 영등포구 영등포로 400,37.51305866937824,126.92236176751109,정상,"이름, 주소"
1297670031,CU 영등포ARMY점,서울 영등포구 여의대방로43길 4,37.5062479398595,126.922305485831,정상,"이름, 주소, 좌표"
12297241,GS25 대림제일점,서울 영등포구 시흥대로 591,37.4855251381734,126.903250157728,정상,"이름, 주소"
2128127676,IGA마트 한성마트점,서울 영등포구 여의대방로 227,37.5070591958419,126.922841871217,정상,주소
630679080,CU 영등포공군호텔점,서울 영등포구 영등포로86길 23,37.5108885238513,126.922931807579,정상,"이름, 주소, 좌표"
12149592,세븐일레븐 영등포성애점,서울 영등포구 여의대방로53길 22,37.512053848,126.922055155182,정상,주소
20201107,GS25 신길경찰학원점,서울 영등포구 영등포로 412-1,37.5127649314755,126.923728426715,정상,"이름, 주소, 좌표"
919073066,CU 영등포대방역점,서울 영등포구 여의대방로61길 1-1,37.5137033139874,126.925830191691,정상,"이름, 주소"
473034291,이마트24 대림다사랑점,서울 영등포구 디지털로53가길 2-2,37.4912571072757,126.900786745638,정상,"이름, 주소, 좌표"
1842691771,이마트24 현대카드3관점,서울 영등포구 의사당대로 18,37.5271155515121,126.917541417231,정상,"주소, 좌표"
21305249,GS25 여의서부점,서울 영등포구 국회대로62길 25,37.52616425287206,126.91776985377639,정상,주소
1841652154,이마트24 현대카드1관점,서울 영등포구 의사당대로 3,37.529127001067,126.918136548196,정상,"이름, 주소, 좌표"
18116271,세븐일레븐 영등포역점,서울 영등포구 영신로20길 4,37.514912708348,126.908225360399,정상,"이름, 주소, 좌표"
1003174308,GS25 여의태흥점,서울 영등포구 의사당대로 8,37.5277709661145,126.916807603649,정상,"이름, 주소"
1191309680,세븐일레븐 양평까뮤스퀘어점,서울 영등포구 양평로30길 14,37.5412057889037,126.889364685448,정상,"주소, 좌표"
19204025,CU 여의국회정문점,서울 영등포구 국회대로 750,37.5282789166509,126.916503845054,정상,"이름, 주소, 좌표"
10483351,세븐일레븐 S영등포구청역점,서울 영등포구 당산로27길 12,37.52521650268876,126.895148760723,정상,이름
16095526,CU 신길역점,서울 영등포구 영등포로 353,37.51503255104681,126.91803883393945,정상,"이름, 주소"
27349771,GS25 영등포행운점,서울 영등포구 영등포로86가길 23,37.5126655234654,126.920543386838,정상,"이름, 주소, 좌표"
22458599,세븐일레븐 전경련회관점,서울 영등포구 여의대로 24,37.5222303289509,126.920180300537,정상,"이름, 주소"
1499613337,이마트24 영등포메인점,서울 영등포구 영등포로46길 3-1,37.518885033332396,126.90797050464808,정상,"이름, 주소, 좌표"
954785610,CU 영등포센터점,서울 영등포구 여의대방로47길 17,37.5086876414125,126.9219726974,정상,"이름, 주소, 좌표"
12713596,GS25 여의월드점,서울 영등포구 여의대방로68길 15,37.517957501673116,126.93277021508402,정상,"이름, 주소"
1647735241,CU 신길센터점,서울 영등포구 영등포로84길 34,37.5102661433236,126.921885094434,정상,"이름, 주소, 좌표"
16075393,GS25 대방역점,서울 영등포구 여의대방로62길 2,37.513876816596685,126.92664667803419,정상,"이름, 주소"
8001119,GS25 여의성우점,서울 영등포구 국회대로66길 17,37.5284683677557,126.919445080337,정상,"주소, 좌표"
740589786,마켓무신길 성애점,서울 영등포구 영등포로84길 22-1,37.5112355963076,126.921843365773,정상,"이름, 주소"
644875395,세븐일레븐 여의아이비피아점,서울 영등포구 국회대로72길 4,37.5303067631008,126.919963525817,정상,"이름, 주소, 좌표"
1466410023,GS25 양평골드점,서울 영등포구 양평로24길 9,37.54127258885539,126.89144205518993,정상,"이름, 주소"
1945378646,GS25 S9국회의사당역점,서울 영등포구 국회대로 지하 758,37.5280672481641,126.917884290769,정상,"이름, 좌표"
743992411,GS25 한강르네상스 양화3호점,서울 영등포구 한강남자전거길 1077,37.544283923797,126.892641673202,정상,주소
1739710619,이마트24 양평선유도점,서울 영등포구 양평로30길 38,37.54323770518061,126.88857978292147,정상,"주소, 좌표"
882388255,세븐일레븐 한강르네상스양화1호점,서울 영등포구 한강남자전거길 1203,37.5377281782454,126.904070951737,정상,"주소, 좌표"
310661979,CU 영등포아이비밸리점,서울 영등포구 영신로 166,37.5229592279389,126.902191639988,정상,"이름, 주소"
320096171,세븐일레븐 여의도한강2호점,서울 영등포구 여의동로 350,37.528207539819924,126.93160933143936,폐업,없음
1003189873,GS25 여의더하우스점,서울 영등포구 의사당대로 26,37.52647805042631,126.91812813000843,정상,"주소, 좌표"
13056563,세븐일레븐 여의도메리어트호텔점,서울 영등포구 여의대로 8,37.521153424467336,126.91855815406645,정상,"주소, 좌표"
12297299,GS25 성애병원점,서울 영등포구 여의대방로53길 28,37.51214552744217,126.92171799825168,정상,"이름, 주소"
